"OrganisationCode","CanonicalOrganisationName","OrganisationType","RegionCode","RegionName","ICSCode","ICSName","ValidFromMonth","ValidToMonth","StableAllThreeMonths","InclusionFlag","ReportingCohort","ObservedAliases","MappingStatus","ReviewNote"
"R0A","Manchester University NHS Foundation Trust","Acute","Y62","North West","QOP","Greater Manchester","2024-04-30","2025-03-31","True","False","National stable reference","Manchester University NHS Foundation Trust","Approved",""
"R0B","South Tyneside and Sunderland NHS Foundation Trust","Acute","Y63","North East and Yorkshire","QHM","North East and North Cumbria","2024-04-30","2025-03-31","True","False","National stable reference","South Tyneside and Sunderland NHS Foundation Trust","Approved",""
"R0D","University Hospitals Dorset NHS Foundation Trust","Acute","Y58","South West","QVV","Dorset","2024-04-30","2025-03-31","True","False","National stable reference","University Hospitals Dorset NHS Foundation Trust","Approved",""
"R1D","Shropshire Community Health NHS Trust","Community Provider Trust","Y60","Midlands","QOC","Shropshire, Telford and Wrekin","2024-04-30","2025-03-31","True","False","National stable reference","Shropshire Community Health NHS Trust","Approved",""
"R1F","Isle of Wight NHS Trust","Acute","Y59","South East","QRL","Hampshire and Isle of Wight","2024-04-30","2025-03-31","True","False","National stable reference","Isle of Wight NHS Trust","Approved",""
"R1H","Barts Health NHS Trust","Acute","Y56","London","QMF","North East London","2024-04-30","2025-03-31","True","True","London stable 20-provider cohort","Barts Health NHS Trust","Approved",""
"R1K","London North West University Healthcare NHS Trust","Acute","Y56","London","QRV","North West London","2024-04-30","2025-03-31","True","True","London stable 20-provider cohort","London North West University Healthcare NHS Trust","Approved",""
"RA2","Royal Surrey County Hospital NHS Foundation Trust","Acute","Y59","South East","QXU","Surrey Heartlands","2024-04-30","2025-03-31","True","False","National stable reference","Royal Surrey County Hospital NHS Foundation Trust","Approved",""
"RA7","University Hospitals Bristol and Weston NHS Foundation Trust","Acute","Y58","South West","QUY","Bristol, North Somerset and South Gloucestershire","2024-04-30","2025-03-31","True","False","National stable reference","University Hospitals Bristol and Weston NHS Foundation Trust","Approved",""
"RA9","Torbay and South Devon NHS Foundation Trust","Acute","Y58","South West","QJK","Devon","2024-04-30","2025-03-31","True","False","National stable reference","Torbay and South Devon NHS Foundation Trust","Approved",""
"RAE","Bradford Teaching Hospitals NHS Foundation Trust","Acute","Y63","North East and Yorkshire","QWO","West Yorkshire","2024-04-30","2025-03-31","True","False","National stable reference","Bradford Teaching Hospitals NHS Foundation Trust","Approved",""
"RAJ","Mid and South Essex NHS Foundation Trust","Acute","Y61","East of England","QH8","Mid and South Essex","2024-04-30","2025-03-31","True","False","National stable reference","Mid and South Essex NHS Foundation Trust","Approved",""
"RAL","Royal Free London NHS Foundation Trust","Acute","Y56","London","QMJ","North Central London","2024-04-30","2025-03-31","True","True","London stable 20-provider cohort","Royal Free London NHS Foundation Trust","Approved",""
"RAN","Royal National Orthopaedic Hospital NHS Trust","Acute","Y56","London","QRV","North West London","2024-04-30","2025-03-31","True","True","London stable 20-provider cohort","Royal National Orthopaedic Hospital NHS Trust","Approved",""
"RAS","Hillingdon Hospitals NHS Foundation Trust","Acute","Y56","London","QRV","North West London","2024-04-30","2025-03-31","True","True","London stable 20-provider cohort","Hillingdon Hospitals NHS Foundation Trust","Approved",""
"RAX","Kingston and Richmond NHS Foundation Trust","Acute","Y56","London","QWE","South West London","2024-04-30","2025-03-31","True","True","London stable 20-provider cohort","Kingston Hospital NHS Foundation Trust; Kingston and Richmond NHS Foundation Trust","Approved alias history","Published organisation name changed during the reporting window."
"RBD","Dorset County Hospital NHS Foundation Trust","Acute","Y58","South West","QVV","Dorset","2024-04-30","2025-03-31","True","False","National stable reference","Dorset County Hospital NHS Foundation Trust","Approved",""
"RBK","Walsall Healthcare NHS Trust","Acute","Y60","Midlands","QUA","Black Country","2024-04-30","2025-03-31","True","False","National stable reference","Walsall Healthcare NHS Trust","Approved",""
"RBL","Wirral University Teaching Hospital NHS Foundation Trust","Acute","Y62","North West","QYG","Cheshire and Merseyside","2024-04-30","2025-03-31","True","False","National stable reference","Wirral University Teaching Hospital NHS Foundation Trust","Approved",""
"RBN","Mersey and West Lancashire Teaching Hospitals NHS Trust","Acute","Y62","North West","QYG","Cheshire and Merseyside","2024-04-30","2025-03-31","True","False","National stable reference","Mersey and West Lancashire Teaching Hospitals NHS Trust","Approved",""
"RBQ","Liverpool Heart and Chest Hospital NHS Foundation Trust","Acute","Y62","North West","QYG","Cheshire and Merseyside","2024-04-30","2025-03-31","True","False","National stable reference","Liverpool Heart and Chest Hospital NHS Foundation Trust","Approved",""
"RBS","Alder Hey Children's NHS Foundation Trust","Acute","Y62","North West","QYG","Cheshire and Merseyside","2024-04-30","2025-03-31","True","False","National stable reference","Alder Hey Children's NHS Foundation Trust","Approved",""
"RBT","Mid Cheshire Hospitals NHS Foundation Trust","Acute","Y62","North West","QYG","Cheshire and Merseyside","2024-04-30","2025-03-31","True","False","National stable reference","Mid Cheshire Hospitals NHS Foundation Trust","Approved",""
"RBV","Christie NHS Foundation Trust","Acute","Y62","North West","QOP","Greater Manchester","2024-04-30","2025-03-31","True","False","National stable reference","Christie NHS Foundation Trust","Approved",""
"RC9","Bedfordshire Hospitals NHS Foundation Trust","Acute","Y61","East of England","QHG","Bedfordshire, Luton and Milton Keynes","2024-04-30","2025-03-31","True","False","National stable reference","Bedfordshire Hospitals NHS Foundation Trust","Approved",""
"RCB","York and Scarborough Teaching Hospitals NHS Foundation Trust","Acute","Y63","North East and Yorkshire","QOQ","Humber and North Yorkshire","2024-04-30","2025-03-31","True","False","National stable reference","York and Scarborough Teaching Hospitals NHS Foundation Trust","Approved",""
"RCD","Harrogate and District NHS Foundation Trust","Acute","Y63","North East and Yorkshire","QOQ","Humber and North Yorkshire","2024-04-30","2025-03-31","True","False","National stable reference","Harrogate and District NHS Foundation Trust","Approved",""
"RCF","Airedale NHS Foundation Trust","Acute","Y63","North East and Yorkshire","QWO","West Yorkshire","2024-04-30","2025-03-31","True","False","National stable reference","Airedale NHS Foundation Trust","Approved",""
"RCU","Sheffield Children's NHS Foundation Trust","Acute","Y63","North East and Yorkshire","QF7","South Yorkshire","2024-04-30","2025-03-31","True","False","National stable reference","Sheffield Children's NHS Foundation Trust","Approved",""
"RCX","Queen Elizabeth Hospital King's Lynn NHS Foundation Trust","Acute","Y61","East of England","QMM","Norfolk and Waveney","2024-04-30","2025-03-31","True","False","National stable reference","Queen Elizabeth Hospital King's Lynn NHS Foundation Trust","Approved",""
"RD1","Royal United Hospitals Bath NHS Foundation Trust","Acute","Y58","South West","QOX","Bath and North East Somerset, Swindon and Wiltshire","2024-04-30","2025-03-31","True","False","National stable reference","Royal United Hospitals Bath NHS Foundation Trust","Approved",""
"RD8","Milton Keynes University Hospital NHS Foundation Trust","Acute","Y61","East of England","QHG","Bedfordshire, Luton and Milton Keynes","2024-04-30","2025-03-31","True","False","National stable reference","Milton Keynes University Hospital NHS Foundation Trust","Approved",""
"RDE","East Suffolk and North Essex NHS Foundation Trust","Acute","Y61","East of England","QJG","Suffolk and North East Essex","2024-04-30","2025-03-31","True","False","National stable reference","East Suffolk and North Essex NHS Foundation Trust","Approved",""
"RDR","Sussex Community NHS Foundation Trust","Community Provider Trust","Y59","South East","QNX","Sussex","2024-04-30","2025-03-31","True","False","National stable reference","Sussex Community NHS Foundation Trust","Approved",""
"RDU","Frimley Health NHS Foundation Trust","Acute","Y59","South East","QNQ","Frimley","2024-04-30","2025-03-31","True","False","National stable reference","Frimley Health NHS Foundation Trust","Approved",""
"RDY","Dorset Healthcare University NHS Foundation Trust","Mental Health","Y58","South West","QVV","Dorset","2024-04-30","2025-03-31","True","False","National stable reference","Dorset Healthcare University NHS Foundation Trust","Approved",""
"REF","Royal Cornwall Hospitals NHS Trust","Acute","Y58","South West","QT6","Cornwall and the Isles of Scilly","2024-04-30","2025-03-31","True","False","National stable reference","Royal Cornwall Hospitals NHS Trust","Approved",""
"REM","Liverpool University Hospitals NHS Foundation Trust","Acute","Y62","North West","QYG","Cheshire and Merseyside","2024-04-30","2025-03-31","True","False","National stable reference","Liverpool University Hospitals NHS Foundation Trust","Approved",""
"REP","Liverpool Women's NHS Foundation Trust","Acute","Y62","North West","QYG","Cheshire and Merseyside","2024-04-30","2025-03-31","True","False","National stable reference","Liverpool Women's NHS Foundation Trust","Approved",""
"RF4","Barking, Havering and Redbridge University Hospitals NHS Trust","Acute","Y56","London","QMF","North East London","2024-04-30","2025-03-31","True","True","London stable 20-provider cohort","Barking, Havering and Redbridge University Hospitals NHS Trust","Approved",""
"RFF","Barnsley Hospital NHS Foundation Trust","Acute","Y63","North East and Yorkshire","QF7","South Yorkshire","2024-04-30","2025-03-31","True","False","National stable reference","Barnsley Hospital NHS Foundation Trust","Approved",""
"RFR","Rotherham NHS Foundation Trust","Acute","Y63","North East and Yorkshire","QF7","South Yorkshire","2024-04-30","2025-03-31","True","False","National stable reference","Rotherham NHS Foundation Trust","Approved",""
"RFS","Chesterfield Royal Hospital NHS Foundation Trust","Acute","Y60","Midlands","QJ2","Derby and Derbyshire","2024-04-30","2025-03-31","True","False","National stable reference","Chesterfield Royal Hospital NHS Foundation Trust","Approved",""
"RGN","North West Anglia NHS Foundation Trust","Acute","Y61","East of England","QUE","Cambridgeshire and Peterborough","2024-04-30","2025-03-31","True","False","National stable reference","North West Anglia NHS Foundation Trust","Approved",""
"RGP","James Paget University Hospitals NHS Foundation Trust","Acute","Y61","East of England","QMM","Norfolk and Waveney","2024-04-30","2025-03-31","True","False","National stable reference","James Paget University Hospitals NHS Foundation Trust","Approved",""
"RGR","West Suffolk NHS Foundation Trust","Acute","Y61","East of England","QJG","Suffolk and North East Essex","2024-04-30","2025-03-31","True","False","National stable reference","West Suffolk NHS Foundation Trust","Approved",""
"RGT","Cambridge University Hospitals NHS Foundation Trust","Acute","Y61","East of England","QUE","Cambridgeshire and Peterborough","2024-04-30","2025-03-31","True","False","National stable reference","Cambridge University Hospitals NHS Foundation Trust","Approved",""
"RH5","Somerset NHS Foundation Trust","Acute","Y58","South West","QSL","Somerset","2024-04-30","2025-03-31","True","False","National stable reference","Somerset NHS Foundation Trust","Approved",""
"RH8","Royal Devon University Healthcare NHS Foundation Trust","Acute","Y58","South West","QJK","Devon","2024-04-30","2025-03-31","True","False","National stable reference","Royal Devon University Healthcare NHS Foundation Trust","Approved",""
"RHM","University Hospital Southampton NHS Foundation Trust","Acute","Y59","South East","QRL","Hampshire and Isle of Wight","2024-04-30","2025-03-31","True","False","National stable reference","University Hospital Southampton NHS Foundation Trust","Approved",""
"RHQ","Sheffield Teaching Hospitals NHS Foundation Trust","Acute","Y63","North East and Yorkshire","QF7","South Yorkshire","2024-04-30","2025-03-31","True","False","National stable reference","Sheffield Teaching Hospitals NHS Foundation Trust","Approved",""
"RHU","Portsmouth Hospitals University NHS Trust","Acute","Y59","South East","QRL","Hampshire and Isle of Wight","2024-04-30","2025-03-31","True","False","National stable reference","Portsmouth Hospitals University NHS Trust","Approved",""
"RHW","Royal Berkshire NHS Foundation Trust","Acute","Y59","South East","QU9","Buckinghamshire, Oxfordshire and Berkshire West","2024-04-30","2025-03-31","True","False","National stable reference","Royal Berkshire NHS Foundation Trust","Approved",""
"RJ1","Guy's and St Thomas' NHS Foundation Trust","Acute","Y56","London","QKK","South East London","2024-04-30","2025-03-31","True","True","London stable 20-provider cohort","Guy's and St Thomas' NHS Foundation Trust","Approved",""
"RJ2","Lewisham and Greenwich NHS Trust","Acute","Y56","London","QKK","South East London","2024-04-30","2025-03-31","True","True","London stable 20-provider cohort","Lewisham and Greenwich NHS Trust","Approved",""
"RJ6","Croydon Health Services NHS Trust","Acute","Y56","London","QWE","South West London","2024-04-30","2025-03-31","True","True","London stable 20-provider cohort","Croydon Health Services NHS Trust","Approved",""
"RJ7","St George's University Hospitals NHS Foundation Trust","Acute","Y56","London","QWE","South West London","2024-04-30","2025-03-31","True","True","London stable 20-provider cohort","St George's University Hospitals NHS Foundation Trust","Approved",""
"RJ8","Cornwall Partnership NHS Foundation Trust","Mental Health","Y58","South West","QT6","Cornwall and the Isles of Scilly","2024-04-30","2025-03-31","True","False","National stable reference","Cornwall Partnership NHS Foundation Trust","Approved",""
"RJC","South Warwickshire University NHS Foundation Trust","Acute","Y60","Midlands","QWU","Coventry and Warwickshire","2024-04-30","2025-03-31","True","False","National stable reference","South Warwickshire University NHS Foundation Trust","Approved",""
"RJE","University Hospitals of North Midlands NHS Trust","Acute","Y60","Midlands","QNC","Staffordshire and Stoke-on-Trent","2024-04-30","2025-03-31","True","False","National stable reference","University Hospitals of North Midlands NHS Trust","Approved",""
"RJL","Northern Lincolnshire and Goole NHS Foundation Trust","Acute","Y63","North East and Yorkshire","QOQ","Humber and North Yorkshire","2024-04-30","2025-03-31","True","False","National stable reference","Northern Lincolnshire and Goole NHS Foundation Trust","Approved",""
"RJN","East Cheshire NHS Trust","Acute","Y62","North West","QYG","Cheshire and Merseyside","2024-04-30","2025-03-31","True","False","National stable reference","East Cheshire NHS Trust","Approved",""
"RJR","Countess of Chester Hospital NHS Foundation Trust","Acute","Y62","North West","QYG","Cheshire and Merseyside","2024-04-30","2025-03-31","True","False","National stable reference","Countess of Chester Hospital NHS Foundation Trust","Approved",""
"RJZ","King's College Hospital NHS Foundation Trust","Acute","Y56","London","QKK","South East London","2024-04-30","2025-03-31","True","True","London stable 20-provider cohort","King's College Hospital NHS Foundation Trust","Approved",""
"RK5","Sherwood Forest Hospitals NHS Foundation Trust","Acute","Y60","Midlands","QT1","Nottingham and Nottinghamshire","2024-04-30","2025-03-31","True","False","National stable reference","Sherwood Forest Hospitals NHS Foundation Trust","Approved",""
"RK9","University Hospitals Plymouth NHS Trust","Acute","Y58","South West","QJK","Devon","2024-04-30","2025-03-31","True","False","National stable reference","University Hospitals Plymouth NHS Trust","Approved",""
"RKB","University Hospitals Coventry and Warwickshire NHS Trust","Acute","Y60","Midlands","QWU","Coventry and Warwickshire","2024-04-30","2025-03-31","True","False","National stable reference","University Hospitals Coventry and Warwickshire NHS Trust","Approved",""
"RKE","Whittington Health NHS Trust","Acute","Y56","London","QMJ","North Central London","2024-04-30","2025-03-31","True","True","London stable 20-provider cohort","Whittington Health NHS Trust","Approved",""
"RL1","Robert Jones and Agnes Hunt Orthopaedic Hospital NHS Foundation Trust","Acute","Y60","Midlands","QOC","Shropshire, Telford and Wrekin","2024-04-30","2025-03-31","True","False","National stable reference","Robert Jones and Agnes Hunt Orthopaedic Hospital NHS Foundation Trust","Approved",""
"RL4","Royal Wolverhampton NHS Trust","Acute","Y60","Midlands","QUA","Black Country","2024-04-30","2025-03-31","True","False","National stable reference","Royal Wolverhampton NHS Trust","Approved",""
"RLQ","Wye Valley NHS Trust","Acute","Y60","Midlands","QGH","Herefordshire and Worcestershire","2024-04-30","2025-03-31","True","False","National stable reference","Wye Valley NHS Trust","Approved",""
"RLT","George Eliot Hospital NHS Trust","Acute","Y60","Midlands","QWU","Coventry and Warwickshire","2024-04-30","2025-03-31","True","False","National stable reference","George Eliot Hospital NHS Trust","Approved",""
"RM1","Norfolk and Norwich University Hospitals NHS Foundation Trust","Acute","Y61","East of England","QMM","Norfolk and Waveney","2024-04-30","2025-03-31","True","False","National stable reference","Norfolk and Norwich University Hospitals NHS Foundation Trust","Approved",""
"RM3","Northern Care Alliance NHS Foundation Trust","Acute","Y62","North West","QOP","Greater Manchester","2024-04-30","2025-03-31","True","False","National stable reference","Northern Care Alliance NHS Foundation Trust","Approved",""
"RMC","Bolton NHS Foundation Trust","Acute","Y62","North West","QOP","Greater Manchester","2024-04-30","2025-03-31","True","False","National stable reference","Bolton NHS Foundation Trust","Approved",""
"RMP","Tameside and Glossop Integrated Care NHS Foundation Trust","Acute","Y62","North West","QOP","Greater Manchester","2024-04-30","2025-03-31","True","False","National stable reference","Tameside and Glossop Integrated Care NHS Foundation Trust","Approved",""
"RN3","Great Western Hospitals NHS Foundation Trust","Acute","Y58","South West","QOX","Bath and North East Somerset, Swindon and Wiltshire","2024-04-30","2025-03-31","True","False","National stable reference","Great Western Hospitals NHS Foundation Trust","Approved",""
"RN5","Hampshire Hospitals NHS Foundation Trust","Acute","Y59","South East","QRL","Hampshire and Isle of Wight","2024-04-30","2025-03-31","True","False","National stable reference","Hampshire Hospitals NHS Foundation Trust","Approved",""
"RN7","Dartford and Gravesham NHS Trust","Acute","Y59","South East","QKS","Kent and Medway","2024-04-30","2025-03-31","True","False","National stable reference","Dartford and Gravesham NHS Trust","Approved",""
"RNA","Dudley Group NHS Foundation Trust","Acute","Y60","Midlands","QUA","Black Country","2024-04-30","2025-03-31","True","False","National stable reference","Dudley Group NHS Foundation Trust","Approved",""
"RNN","North Cumbria Integrated Care NHS Foundation Trust","Acute","Y63","North East and Yorkshire","QHM","North East and North Cumbria","2024-04-30","2025-03-31","True","False","National stable reference","North Cumbria Integrated Care NHS Foundation Trust","Approved",""
"RNQ","Kettering General Hospital NHS Foundation Trust","Acute","Y60","Midlands","QPM","Northamptonshire","2024-04-30","2025-03-31","True","False","National stable reference","Kettering General Hospital NHS Foundation Trust","Approved",""
"RNS","Northampton General Hospital NHS Trust","Acute","Y60","Midlands","QPM","Northamptonshire","2024-04-30","2025-03-31","True","False","National stable reference","Northampton General Hospital NHS Trust","Approved",""
"RNU","Oxford Health NHS Foundation Trust","Mental Health","Y59","South East","QU9","Buckinghamshire, Oxfordshire and Berkshire West","2024-04-30","2025-03-31","True","False","National stable reference","Oxford Health NHS Foundation Trust","Approved",""
"RNZ","Salisbury NHS Foundation Trust","Acute","Y58","South West","QOX","Bath and North East Somerset, Swindon and Wiltshire","2024-04-30","2025-03-31","True","False","National stable reference","Salisbury NHS Foundation Trust","Approved",""
"RP5","Doncaster and Bassetlaw Teaching Hospitals NHS Foundation Trust","Acute","Y63","North East and Yorkshire","QF7","South Yorkshire","2024-04-30","2025-03-31","True","False","National stable reference","Doncaster and Bassetlaw Teaching Hospitals NHS Foundation Trust","Approved",""
"RP6","Moorfields Eye Hospital NHS Foundation Trust","Acute","Y56","London","QMJ","North Central London","2024-04-30","2025-03-31","True","True","London stable 20-provider cohort","Moorfields Eye Hospital NHS Foundation Trust","Approved",""
"RPA","Medway NHS Foundation Trust","Acute","Y59","South East","QKS","Kent and Medway","2024-04-30","2025-03-31","True","False","National stable reference","Medway NHS Foundation Trust","Approved",""
"RPC","Queen Victoria Hospital NHS Foundation Trust","Acute","Y59","South East","QNX","Sussex","2024-04-30","2025-03-31","True","False","National stable reference","Queen Victoria Hospital NHS Foundation Trust","Approved",""
"RQ3","Birmingham Women's and Children's NHS Foundation Trust","Acute","Y60","Midlands","QHL","Birmingham and Solihull","2024-04-30","2025-03-31","True","False","National stable reference","Birmingham Women's and Children's NHS Foundation Trust","Approved",""
"RQM","Chelsea and Westminster Hospital NHS Foundation Trust","Acute","Y56","London","QRV","North West London","2024-04-30","2025-03-31","True","True","London stable 20-provider cohort","Chelsea and Westminster Hospital NHS Foundation Trust","Approved",""
"RQW","Princess Alexandra Hospital NHS Trust","Acute","Y61","East of England","QM7","Hertfordshire and West Essex","2024-04-30","2025-03-31","True","False","National stable reference","Princess Alexandra Hospital NHS Trust","Approved",""
"RQX","Homerton Healthcare NHS Foundation Trust","Acute","Y56","London","QMF","North East London","2024-04-30","2025-03-31","True","True","London stable 20-provider cohort","Homerton Healthcare NHS Foundation Trust","Approved",""
"RR7","Gateshead Health NHS Foundation Trust","Acute","Y63","North East and Yorkshire","QHM","North East and North Cumbria","2024-04-30","2025-03-31","True","False","National stable reference","Gateshead Health NHS Foundation Trust","Approved",""
"RR8","Leeds Teaching Hospitals NHS Trust","Acute","Y63","North East and Yorkshire","QWO","West Yorkshire","2024-04-30","2025-03-31","True","False","National stable reference","Leeds Teaching Hospitals NHS Trust","Approved",""
"RRF","Wrightington, Wigan and Leigh NHS Foundation Trust","Acute","Y62","North West","QOP","Greater Manchester","2024-04-30","2025-03-31","True","False","National stable reference","Wrightington, Wigan and Leigh NHS Foundation Trust","Approved",""
"RRK","University Hospitals Birmingham NHS Foundation Trust","Acute","Y60","Midlands","QHL","Birmingham and Solihull","2024-04-30","2025-03-31","True","False","National stable reference","University Hospitals Birmingham NHS Foundation Trust","Approved",""
"RRV","University College London Hospitals NHS Foundation Trust","Acute","Y56","London","QMJ","North Central London","2024-04-30","2025-03-31","True","True","London stable 20-provider cohort","University College London Hospitals NHS Foundation Trust","Approved",""
"RTD","Newcastle Upon Tyne Hospitals NHS Foundation Trust","Acute","Y63","North East and Yorkshire","QHM","North East and North Cumbria","2024-04-30","2025-03-31","True","False","National stable reference","Newcastle Upon Tyne Hospitals NHS Foundation Trust","Approved",""
"RTE","Gloucestershire Hospitals NHS Foundation Trust","Acute","Y58","South West","QR1","Gloucestershire","2024-04-30","2025-03-31","True","False","National stable reference","Gloucestershire Hospitals NHS Foundation Trust","Approved",""
"RTF","Northumbria Healthcare NHS Foundation Trust","Acute","Y63","North East and Yorkshire","QHM","North East and North Cumbria","2024-04-30","2025-03-31","True","False","National stable reference","Northumbria Healthcare NHS Foundation Trust","Approved",""
"RTG","University Hospitals of Derby and Burton NHS Foundation Trust","Acute","Y60","Midlands","QJ2","Derby and Derbyshire","2024-04-30","2025-03-31","True","False","National stable reference","University Hospitals of Derby and Burton NHS Foundation Trust","Approved",""
"RTH","Oxford University Hospitals NHS Foundation Trust","Acute","Y59","South East","QU9","Buckinghamshire, Oxfordshire and Berkshire West","2024-04-30","2025-03-31","True","False","National stable reference","Oxford University Hospitals NHS Foundation Trust","Approved",""
"RTK","Ashford and St. Peter's Hospitals NHS Foundation Trust","Acute","Y59","South East","QXU","Surrey Heartlands","2024-04-30","2025-03-31","True","False","National stable reference","Ashford and St. Peter's Hospitals NHS Foundation Trust","Approved",""
"RTP","Surrey and Sussex Healthcare NHS Trust","Acute","Y59","South East","QXU","Surrey Heartlands","2024-04-30","2025-03-31","True","False","National stable reference","Surrey and Sussex Healthcare NHS Trust","Approved",""
"RTQ","Gloucestershire Health and Care NHS Foundation Trust","Mental Health","Y58","South West","QR1","Gloucestershire","2024-04-30","2025-03-31","True","False","National stable reference","Gloucestershire Health and Care NHS Foundation Trust","Approved",""
"RTR","South Tees Hospitals NHS Foundation Trust","Acute","Y63","North East and Yorkshire","QHM","North East and North Cumbria","2024-04-30","2025-03-31","True","False","National stable reference","South Tees Hospitals NHS Foundation Trust","Approved",""
"RTX","University Hospitals of Morecambe Bay NHS Foundation Trust","Acute","Y62","North West","QE1","Lancashire and South Cumbria","2024-04-30","2025-03-31","True","False","National stable reference","University Hospitals of Morecambe Bay NHS Foundation Trust","Approved",""
"RV9","Humber Teaching NHS Foundation Trust","Mental Health","Y63","North East and Yorkshire","QOQ","Humber and North Yorkshire","2024-04-30","2025-03-31","True","False","National stable reference","Humber Teaching NHS Foundation Trust","Approved",""
"RVJ","North Bristol NHS Trust","Acute","Y58","South West","QUY","Bristol, North Somerset and South Gloucestershire","2024-04-30","2025-03-31","True","False","National stable reference","North Bristol NHS Trust","Approved",""
"RVR","Epsom and St Helier University Hospitals NHS Trust","Acute","Y56","London","QWE","South West London","2024-04-30","2025-03-31","True","True","London stable 20-provider cohort","Epsom and St Helier University Hospitals NHS Trust","Approved",""
"RVV","East Kent Hospitals University NHS Foundation Trust","Acute","Y59","South East","QKS","Kent and Medway","2024-04-30","2025-03-31","True","False","National stable reference","East Kent Hospitals University NHS Foundation Trust","Approved",""
"RVW","North Tees and Hartlepool NHS Foundation Trust","Acute","Y63","North East and Yorkshire","QHM","North East and North Cumbria","2024-04-30","2025-03-31","True","False","National stable reference","North Tees and Hartlepool NHS Foundation Trust","Approved",""
"RW1","Hampshire and Isle of Wight Healthcare NHS Foundation Trust","Mental Health","Y59","South East","QRL","Hampshire and Isle of Wight","2024-04-30","2025-03-31","True","False","National stable reference","Southern Health NHS Foundation Trust; Hampshire and Isle of Wight Healthcare NHS Foundation Trust","Approved alias history","Published organisation name changed during the reporting window."
"RW4","Mersey Care NHS Foundation Trust","Mental Health","Y62","North West","QYG","Cheshire and Merseyside","2024-04-30","2025-03-31","True","False","National stable reference","Mersey Care NHS Foundation Trust","Approved",""
"RWA","Hull University Teaching Hospitals NHS Trust","Acute","Y63","North East and Yorkshire","QOQ","Humber and North Yorkshire","2024-04-30","2025-03-31","True","False","National stable reference","Hull University Teaching Hospitals NHS Trust","Approved",""
"RWD","United Lincolnshire Teaching Hospitals NHS Trust","Acute","Y60","Midlands","QJM","Lincolnshire","2024-04-30","2025-03-31","True","False","National stable reference","United Lincolnshire Hospitals NHS Trust; United Lincolnshire Teaching Hospitals NHS Trust","Approved alias history","Published organisation name changed during the reporting window."
"RWE","University Hospitals of Leicester NHS Trust","Acute","Y60","Midlands","QK1","Leicester, Leicestershire and Rutland","2024-04-30","2025-03-31","True","False","National stable reference","University Hospitals of Leicester NHS Trust","Approved",""
"RWF","Maidstone and Tunbridge Wells NHS Trust","Acute","Y59","South East","QKS","Kent and Medway","2024-04-30","2025-03-31","True","False","National stable reference","Maidstone and Tunbridge Wells NHS Trust","Approved",""
"RWG","West Hertfordshire Teaching Hospitals NHS Trust","Acute","Y61","East of England","QM7","Hertfordshire and West Essex","2024-04-30","2025-03-31","True","False","National stable reference","West Hertfordshire Teaching Hospitals NHS Trust","Approved",""
"RWH","East and North Hertfordshire NHS Trust","Acute","Y61","East of England","QM7","Hertfordshire and West Essex","2024-04-30","2025-03-31","True","False","National stable reference","East and North Hertfordshire NHS Trust","Approved",""
"RWJ","Stockport NHS Foundation Trust","Acute","Y62","North West","QOP","Greater Manchester","2024-04-30","2025-03-31","True","False","National stable reference","Stockport NHS Foundation Trust","Approved",""
"RWP","Worcestershire Acute Hospitals NHS Trust","Acute","Y60","Midlands","QGH","Herefordshire and Worcestershire","2024-04-30","2025-03-31","True","False","National stable reference","Worcestershire Acute Hospitals NHS Trust","Approved",""
"RWW","Warrington and Halton Teaching Hospitals NHS Foundation Trust","Acute","Y62","North West","QYG","Cheshire and Merseyside","2024-04-30","2025-03-31","True","False","National stable reference","Warrington and Halton Teaching Hospitals NHS Foundation Trust","Approved",""
"RWX","Berkshire Healthcare NHS Foundation Trust","Mental Health","Y59","South East","QNQ","Frimley","2024-04-30","2025-03-31","True","False","National stable reference","Berkshire Healthcare NHS Foundation Trust","Approved",""
"RWY","Calderdale and Huddersfield NHS Foundation Trust","Acute","Y63","North East and Yorkshire","QWO","West Yorkshire","2024-04-30","2025-03-31","True","False","National stable reference","Calderdale and Huddersfield NHS Foundation Trust","Approved",""
"RX1","Nottingham University Hospitals NHS Trust","Acute","Y60","Midlands","QT1","Nottingham and Nottinghamshire","2024-04-30","2025-03-31","True","False","National stable reference","Nottingham University Hospitals NHS Trust","Approved",""
"RXC","East Sussex Healthcare NHS Trust","Acute","Y59","South East","QNX","Sussex","2024-04-30","2025-03-31","True","False","National stable reference","East Sussex Healthcare NHS Trust","Approved",""
"RXF","Mid Yorkshire Teaching NHS Trust","Acute","Y63","North East and Yorkshire","QWO","West Yorkshire","2024-04-30","2025-03-31","True","False","National stable reference","Mid Yorkshire Teaching NHS Trust","Approved",""
"RXG","South West Yorkshire Partnership NHS Foundation Trust","Mental Health","Y63","North East and Yorkshire","QWO","West Yorkshire","2024-04-30","2025-03-31","True","False","National stable reference","South West Yorkshire Partnership NHS Foundation Trust","Approved",""
"RXK","Sandwell and West Birmingham Hospitals NHS Trust","Acute","Y60","Midlands","QHL","Birmingham and Solihull","2024-04-30","2025-03-31","True","False","National stable reference","Sandwell and West Birmingham Hospitals NHS Trust","Approved",""
"RXL","Blackpool Teaching Hospitals NHS Foundation Trust","Acute","Y62","North West","QE1","Lancashire and South Cumbria","2024-04-30","2025-03-31","True","False","National stable reference","Blackpool Teaching Hospitals NHS Foundation Trust","Approved",""
"RXN","Lancashire Teaching Hospitals NHS Foundation Trust","Acute","Y62","North West","QE1","Lancashire and South Cumbria","2024-04-30","2025-03-31","True","False","National stable reference","Lancashire Teaching Hospitals NHS Foundation Trust","Approved",""
"RXP","County Durham and Darlington NHS Foundation Trust","Acute","Y63","North East and Yorkshire","QHM","North East and North Cumbria","2024-04-30","2025-03-31","True","False","National stable reference","County Durham and Darlington NHS Foundation Trust","Approved",""
"RXQ","Buckinghamshire Healthcare NHS Trust","Acute","Y59","South East","QU9","Buckinghamshire, Oxfordshire and Berkshire West","2024-04-30","2025-03-31","True","False","National stable reference","Buckinghamshire Healthcare NHS Trust","Approved",""
"RXR","East Lancashire Hospitals NHS Trust","Acute","Y62","North West","QE1","Lancashire and South Cumbria","2024-04-30","2025-03-31","True","False","National stable reference","East Lancashire Hospitals NHS Trust","Approved",""
"RXW","Shrewsbury and Telford Hospital NHS Trust","Acute","Y60","Midlands","QOC","Shropshire, Telford and Wrekin","2024-04-30","2025-03-31","True","False","National stable reference","Shrewsbury and Telford Hospital NHS Trust","Approved",""
"RY2","Bridgewater Community Healthcare NHS Foundation Trust","Community Provider Trust","Y62","North West","QYG","Cheshire and Merseyside","2024-04-30","2025-03-31","True","False","National stable reference","Bridgewater Community Healthcare NHS Foundation Trust","Approved",""
"RY4","Hertfordshire Community NHS Trust","Community Provider Trust","Y61","East of England","QM7","Hertfordshire and West Essex","2024-04-30","2025-03-31","True","False","National stable reference","Hertfordshire Community NHS Trust","Approved",""
"RY5","Lincolnshire Community Health Services NHS Trust","Community Provider Trust","Y60","Midlands","QJM","Lincolnshire","2024-04-30","2025-03-31","True","False","National stable reference","Lincolnshire Community Health Services NHS Trust","Approved",""
"RY7","Wirral Community Health and Care NHS Foundation Trust","Community Provider Trust","Y62","North West","QYG","Cheshire and Merseyside","2024-04-30","2025-03-31","True","False","National stable reference","Wirral Community Health and Care NHS Foundation Trust","Approved",""
"RY8","Derbyshire Community Health Services NHS Foundation Trust","Community Provider Trust","Y60","Midlands","QJ2","Derby and Derbyshire","2024-04-30","2025-03-31","True","False","National stable reference","Derbyshire Community Health Services NHS Foundation Trust","Approved",""
"RYF","South Western Ambulance Service NHS Foundation Trust","Ambulance","Y58","South West","QJK","Devon","2024-04-30","2025-03-31","True","False","National stable reference","South Western Ambulance Service NHS Foundation Trust","Approved",""
"RYG","Coventry and Warwickshire Partnership NHS Trust","Mental Health","Y60","Midlands","QWU","Coventry and Warwickshire","2024-04-30","2025-03-31","True","False","National stable reference","Coventry and Warwickshire Partnership NHS Trust","Approved",""
"RYJ","Imperial College Healthcare NHS Trust","Acute","Y56","London","QRV","North West London","2024-04-30","2025-03-31","True","True","London stable 20-provider cohort","Imperial College Healthcare NHS Trust","Approved",""
"RYR","University Hospitals Sussex NHS Foundation Trust","Acute","Y59","South East","QNX","Sussex","2024-04-30","2025-03-31","True","False","National stable reference","University Hospitals Sussex NHS Foundation Trust","Approved",""
"RYX","Central London Community Healthcare NHS Trust","Community Provider Trust","Y56","London","QRV","North West London","2024-04-30","2025-03-31","True","True","London stable 20-provider cohort","Central London Community Healthcare NHS Trust","Approved",""
"RYY","Kent Community Health NHS Foundation Trust","Community Provider Trust","Y59","South East","QKS","Kent and Medway","2024-04-30","2025-03-31","True","False","National stable reference","Kent Community Health NHS Foundation Trust","Approved",""
